-- Insert values into each table
use cs304;

insert into locations values('94025', 'California', 'Menlo Park', 'United States of America');
insert into locations values('V6T1K2', 'British Columbia', 'Vancouver', 'Canada');
insert into locations values('V6T1Z4', 'British Columbia', 'Vancouver', 'Canada');
insert into locations values('V6T1Z1', 'British Columbia', 'Vancouver', 'Canada');
insert into locations values('V1V3A9', 'British Columbia', 'Kelowna', 'Canada');

insert into user values('hmitgang', 'Harrison', 'Mitgang', 'United States of America', '94025', 1);
insert into user values('agandhi13', 'Aryan', 'Gandhi', 'Canada', 'V6T1Z4', 2);
insert into user values('allennguyen', 'Allen', 'Nguyen', 'Canada', 'V6T1Z1', 3);
insert into user values('bobby', 'Bob', 'Smith', 'Canada', 'V1V3A9', 4);
insert into user values('alice', 'Alice', 'Johnson', 'Canada', 'V6T1Z4', 5);

insert into userCredentials values('mitgang@gmail.com', 'b11536f39890b7db9b98e10e68999e073d5e4b1a9b8364e615cd2c6dfa3daac0', '39b1e0ae747f62997ec8e3fdb992044c', 'ADMIN', 'hmitgang');
insert into userCredentials values('gandhi.aryan1310@gmail.com', 'b11536f39890b7db9b98e10e68999e073d5e4b1a9b8364e615cd2c6dfa3daac0', '39b1e0ae747f62997ec8e3fdb992044c', 'ADMIN', 'agandhi13');
insert into userCredentials values('nhn321@gmail.com', 'b11536f39890b7db9b98e10e68999e073d5e4b1a9b8364e615cd2c6dfa3daac0', '39b1e0ae747f62997ec8e3fdb992044c', 'USER', 'allennguyen');
insert into userCredentials values('bob@example.com', 'b11536f39890b7db9b98e10e68999e073d5e4b1a9b8364e615cd2c6dfa3daac0', '39b1e0ae747f62997ec8e3fdb992044c', 'USER', 'bobby');
insert into userCredentials values('alice@example.com', 'b11536f39890b7db9b98e10e68999e073d5e4b1a9b8364e615cd2c6dfa3daac0', '39b1e0ae747f62997ec8e3fdb992044c', 'USER', 'alice');

insert into forum values('Marvel Stans');
insert into forum values('Marvel Sucks');
insert into forum values('Star Wars Nerds');
insert into forum values('Disney Classic Lovers');
insert into forum values('Pixar Pixies');

insert into member values('Marvel Stans', 'hmitgang');
insert into member values('Marvel Sucks', 'agandhi13');
insert into member values('Star Wars Nerds', 'agandhi13');
insert into member values('Marvel Sucks', 'hmitgang');
insert into member values('Star Wars Nerds', 'allennguyen');
insert into member values('Marvel Sucks', 'allennguyen');
insert into member values('Disney Classic Lovers', 'bobby');
insert into member values('Pixar Pixies', 'alice');

insert into rating values(1, 'Terrible');
insert into rating values(2, 'Below Average');
insert into rating values(3, 'Average');
insert into rating values(4, 'Above Average');
insert into rating values(5, 'Incredible');

insert into shows values('6p2yzz9mh8Kp', 'modern family');
insert into shows values('6hFGSaQh3E6o', 'the watch');
insert into shows values('3jLIGMDYINqD', 'the mandalorian');
insert into shows values('50eOTyhnHBoi', 'family guy');
insert into shows values('3qBd6ESjzQOm', 'free guy');

insert into review(timestamp, username, disneyplusid, content, numericalrating) values(NOW(), 'hmitgang', '3jLIGMDYINqD', 'Cool show!', 5);
insert into review(timestamp, username, disneyplusid, content, numericalrating) values(NOW(), 'hmitgang', '6hFGSaQh3E6o', 'Weird…', 3);
insert into review(timestamp, username, disneyplusid, content, numericalrating) values(NOW(), 'agandhi13', '50eOTyhnHBoi', 'Not weird… it’s awesome!', 5);
insert into review(timestamp, username, disneyplusid, content, numericalrating) values(NOW(), 'bobby', '3jLIGMDYINqD', 'Sweet!', 5);
insert into review(timestamp, username, disneyplusid, content, numericalrating) values(NOW(), 'hmitgang', '50eOTyhnHBoi', 'ehh!', 2);

insert into comment(timestamp, username, msg) values(NOW(), 'hmitgang', 'I love this part');
insert into comment(timestamp, username, msg) values(NOW(), 'hmitgang', 'What do you guys think of how it ended?');
insert into comment(timestamp, username, msg) values(NOW(), 'agandhi13', 'haha');
insert into comment(timestamp, username, msg) values(NOW(), 'bobby', 'woahhh');
insert into comment(timestamp, username, msg) values(NOW(), 'bobby', 'I love this part');
insert into comment(timestamp, username, msg) values(NOW(), 'bobby', 'So sadddd');
insert into comment(timestamp, username, msg) values(NOW(), 'bobby', 'dudeee dont spoil it');
insert into comment(timestamp, username, msg) values(NOW(), 'bobby', 'I dont know what to say about this');
insert into comment(timestamp, username, msg) values(NOW(), 'bobby', 'I totally agree');
insert into comment(timestamp, username, msg) values(NOW(), 'alice', 'I love this part');
insert into comment(timestamp, username, msg) values(NOW(), 'alice', 'me too');
insert into comment(timestamp, username, msg) values(NOW(), 'bobby', 'I can believe they finally got married');
insert into comment(timestamp, username, msg) values(NOW(), 'allennguyen', 'finally');
insert into comment(timestamp, username, msg) values(NOW(), 'bobby', 'Id love to hear everyone`s thoughts on the epic');
insert into comment(timestamp, username, msg) values(NOW(), 'bobby', 'What is your favourite Marvel movie');
insert into comment(timestamp, username, msg) values(NOW(), 'bobby', 'you are stupid if this forum is good');

insert into forumcomment values(2, 'Marvel Sucks');
insert into forumcomment values(4, 'Star Wars Nerds');
insert into forumcomment values(8, 'Marvel Sucks');
insert into forumcomment values(14, 'Pixar Pixies');
insert into forumcomment values(15, 'Marvel Stans');
insert into forumcomment values(16, 'Marvel Sucks');

insert into episodecomment values(1, 4800, '838a628e-690a-41aa-8ca3-0df7c96f6b29');
insert into episodecomment values(5, 1200, '462b2aff-8356-4529-8927-aefd955491b1');
insert into episodecomment values(6, 315, '5173f792-24ef-4b0a-bc92-eab5554f5903');
insert into episodecomment values(10, 1134, 'd3912fe9-c0dc-4716-ac95-12a85a6d73c7');
insert into episodecomment values(12, 3054, '838a628e-690a-41aa-8ca3-0df7c96f6b29');

insert into reply values(3, 1);
insert into reply values(7, 2);
insert into reply values(9, 3);
insert into reply values(11, 5);
insert into reply values(13, 12);

insert into likes values(1, 'hmitgang');
insert into likes values(3, 'agandhi13');
insert into likes values(1, 'allennguyen');
insert into likes values(4, 'bobby');
insert into likes values(2, 'hmitgang');

insert into images(name, data, commentid) values('harrison.jpg', 'data:image/png;base64,iVBORw0KGgoAAAANSUhEUgAAADwAAAA8CAMAAAANIilAAAABy1BMVEVHcEzA2vrI4P7F3f2+2PvL4v/L4v+dvd+dvd++2PtDaYdAcJPG3v7F3f2+2PvL4v/L4v++2Pu+2Pu+2PvF3f3F3f3F3f1LgKlFeJ/L4v/L4v/F3f1FeJ9HeqDK4f5FeJ9KgKrL4v++2PvL4v/L4v++2Pu+2PtAcJNFeJ/L4v++2PtFeJ9KgKpAcJNKgKq+2Pu40/ZdjrZAcJNGeqFJf6i+3arL4v++2Pv/3c5KgKo2Xn3/zL9AcJPN5P80XHwqTGX1/P/J4f/E3f1Jf6nB2/zjgIbG3vw4YH/l9/9HfKQ6YoL/39BEdp3/18hKgKtBcpf539XifoWMq8haepSfu9nR4fk+bpEuUGnw0sjZ4PFpl70yV3M/ZYPk2+NRc46vxtXdYm2hv9+cttI7Z4mvzez/y76Ms9bd2+rctLPO2+hjhaPm8PZShrD9z8T/08WBor6Zss305OPikJf29/j95dxdZ37C2vf82sw4VWzXxL7U6fTu+f7kqbDi6/KccoPXfISWm6Rxg5WRipFijbBxkKnowcP17u/jnKXjh47e4O6Ok5240vJznsN4jKLgdX1KY4DJfIauZXa/tbS/paRvdoKJpsN8mLPu1NpHcExYd2d1AAAAmXRSTlMAI7wtuPntBgz5/rQVZFBPkZLi7HYxXbsu9rYuTyWtYKik9eLZrdjxkcGkdefc3qWzw+Pw2////////////////////////////////////////////////////////////////////////////////////////////////////////////////////////////////////wDU0yBqAAAEyklEQVRIx43X51fbSBAAcGETjE3vPkIghSRccrn+ZCRbQo6wLRtjYwymuUBohkAwvbeEll6u/bu3u2oraU2YL7yH/HszO1rtSBRFinJ7c62ts+x5r8fZ8Ki0rtleTt0wHE2NrQ9u0TD8fuA9Hmd9aWOT4wa0vKa9jMZD9p6Gh9XfS++osf1Am8P/HGqPs7T62uz2e1aKOEruuf/kdvG0VQ/oYhFE2lNfVSR5Ze0tungoyZ11lSRb0or/lsMD157SEoL9EadbU4VBJf5ZKWzhfSNog/W/SKZZXg52omdkccuQ22bSlXjN/sE0z2ox0dMzUjBVbli3oxaveQi3EPec+Q1d89ThPa/C+xxcxC3CE8l/3+N3zFmF7Q38/nIzLgsGkZTXrTStXtstjnuGmzQVYQl4ZIjDC/9FLbzGsCe5oRA06ZDS7omRHYRfcHjh96uV58hGW3D6ZPfbyWkym02evvsr/3pHx1rHywmJEeZPt/v6urdHQWz3e72zf+tY6xlK7Winrfhdtxb9s7Pe1xhWUz+Eq24qI+CT4lhteEMTwI20GbvSyV0jzm/u7GjYL2NPI2hXq/nhW9jdHe024NnZ83x+wfRwwpbZLQfAGOiVGYPs89oP1I1ip5otJ8BYd/f1WO13M1VL3xCP6U+dsug6ymbBXGbAipczw7Rl0VQn4bx6a8XztF+/ruBHVBkBD/eZMVa0jhso0ok5jNf9CuLRYfy60m4nRTxnMxhehjhDE7CHjLHU215LYh2TD/qxAbzq5XmaJpZdRh4QbxXd77VavWGdRcbLWJ9ivRar3ypbEYyW3b+8/Kp/YJg8tsAmqb0Oo7BibXs2kzvG4ZgjjlvwYNhJM5kLDhVWVbxaGApyhGaDR9J6GEC6mM4JG7LdEHLpRZzj56fpGOIgjfCuBWEd6Y11YcHFRyDnLMeQ4QDk6ODM3HiEZ/nsoYD0wLogHGbBPyLjczNBmjMdgNjR2wvkEhMG44ZPvhSAHui7AH9eJsHwioSZJeB7OcPRS9Uo/Q5OjS+JIsMwcRULF6uCiuPggigujU/14oe+Om56B2NQggCpUdnCxeUa1LBskBiFyHx4j48bed7455iYfD0GMWiYsHo1OZn4T4ANA1i5Gvat4IMOjVhuZknJy4SnwZAM5fb3LydBXO7v5+DYnJZTi/FUdArgJ9q7wW2wUeZUG4vDCcsPSlImATJnJGkQDfs4Sh31+VIraINgrxX+DxqOInwmSVL+06c8+HOGcDSGigbxxvBaAV5oguMqZkRYNp/dk6SDROJAkvayEE/D6+E4sKk3xhcaqrJdx7EoXGMkJx2uJRJrh1IOvmaEYGIRWoB/Nb1ClvzG6JGCqVekzFUgcJWRVmDiFCwp6kPRYnkFdLfoGPabT+6dJwKBxPke3CKw14qNV9yxvnze0XUsGoF1H0B8AKuOgKLVvCQLdlqXnhssm/+4BvHaRx4tGPUKRFeRjwVHx8+ajofYz18CIL58ZkNxRlTss47iXwruu5r2sewRxEcs62PCcsmPK9zXfqC0qSsXfezmcSBwvMn6wtG4TNu+93lU3nb3J0WHQOqjUEqmv1e03eTLzOF+2gK9mNo8Pt6cluVTt+PGH3Xujq6WP/9wff3qevysoqujiPwfjkW6++4I/QMAAAAASUVORK5CYII=', NULL);
insert into images(name, data, commentid) values('aryan.jpg', 'data:image/png;base64,iVBORw0KGgoAAAANSUhEUgAAADwAAAA8CAMAAAANIilAAAABy1BMVEVHcEzA2vrI4P7F3f2+2PvL4v/L4v+dvd+dvd++2PtDaYdAcJPG3v7F3f2+2PvL4v/L4v++2Pu+2Pu+2PvF3f3F3f3F3f1LgKlFeJ/L4v/L4v/F3f1FeJ9HeqDK4f5FeJ9KgKrL4v++2PvL4v/L4v++2Pu+2PtAcJNFeJ/L4v++2PtFeJ9KgKpAcJNKgKq+2Pu40/ZdjrZAcJNGeqFJf6i+3arL4v++2Pv/3c5KgKo2Xn3/zL9AcJPN5P80XHwqTGX1/P/J4f/E3f1Jf6nB2/zjgIbG3vw4YH/l9/9HfKQ6YoL/39BEdp3/18hKgKtBcpf539XifoWMq8haepSfu9nR4fk+bpEuUGnw0sjZ4PFpl70yV3M/ZYPk2+NRc46vxtXdYm2hv9+cttI7Z4mvzez/y76Ms9bd2+rctLPO2+hjhaPm8PZShrD9z8T/08WBor6Zss305OPikJf29/j95dxdZ37C2vf82sw4VWzXxL7U6fTu+f7kqbDi6/KccoPXfISWm6Rxg5WRipFijbBxkKnowcP17u/jnKXjh47e4O6Ok5240vJznsN4jKLgdX1KY4DJfIauZXa/tbS/paRvdoKJpsN8mLPu1NpHcExYd2d1AAAAmXRSTlMAI7wtuPntBgz5/rQVZFBPkZLi7HYxXbsu9rYuTyWtYKik9eLZrdjxkcGkdefc3qWzw+Pw2////////////////////////////////////////////////////////////////////////////////////////////////////////////////////////////////////wDU0yBqAAAEyklEQVRIx43X51fbSBAAcGETjE3vPkIghSRccrn+ZCRbQo6wLRtjYwymuUBohkAwvbeEll6u/bu3u2oraU2YL7yH/HszO1rtSBRFinJ7c62ts+x5r8fZ8Ki0rtleTt0wHE2NrQ9u0TD8fuA9Hmd9aWOT4wa0vKa9jMZD9p6Gh9XfS++osf1Am8P/HGqPs7T62uz2e1aKOEruuf/kdvG0VQ/oYhFE2lNfVSR5Ze0tungoyZ11lSRb0or/lsMD157SEoL9EadbU4VBJf5ZKWzhfSNog/W/SKZZXg52omdkccuQ22bSlXjN/sE0z2ox0dMzUjBVbli3oxaveQi3EPec+Q1d89ThPa/C+xxcxC3CE8l/3+N3zFmF7Q38/nIzLgsGkZTXrTStXtstjnuGmzQVYQl4ZIjDC/9FLbzGsCe5oRA06ZDS7omRHYRfcHjh96uV58hGW3D6ZPfbyWkym02evvsr/3pHx1rHywmJEeZPt/v6urdHQWz3e72zf+tY6xlK7Winrfhdtxb9s7Pe1xhWUz+Eq24qI+CT4lhteEMTwI20GbvSyV0jzm/u7GjYL2NPI2hXq/nhW9jdHe024NnZ83x+wfRwwpbZLQfAGOiVGYPs89oP1I1ip5otJ8BYd/f1WO13M1VL3xCP6U+dsug6ymbBXGbAipczw7Rl0VQn4bx6a8XztF+/ruBHVBkBD/eZMVa0jhso0ok5jNf9CuLRYfy60m4nRTxnMxhehjhDE7CHjLHU215LYh2TD/qxAbzq5XmaJpZdRh4QbxXd77VavWGdRcbLWJ9ivRar3ypbEYyW3b+8/Kp/YJg8tsAmqb0Oo7BibXs2kzvG4ZgjjlvwYNhJM5kLDhVWVbxaGApyhGaDR9J6GEC6mM4JG7LdEHLpRZzj56fpGOIgjfCuBWEd6Y11YcHFRyDnLMeQ4QDk6ODM3HiEZ/nsoYD0wLogHGbBPyLjczNBmjMdgNjR2wvkEhMG44ZPvhSAHui7AH9eJsHwioSZJeB7OcPRS9Uo/Q5OjS+JIsMwcRULF6uCiuPggigujU/14oe+Om56B2NQggCpUdnCxeUa1LBskBiFyHx4j48bed7455iYfD0GMWiYsHo1OZn4T4ANA1i5Gvat4IMOjVhuZknJy4SnwZAM5fb3LydBXO7v5+DYnJZTi/FUdArgJ9q7wW2wUeZUG4vDCcsPSlImATJnJGkQDfs4Sh31+VIraINgrxX+DxqOInwmSVL+06c8+HOGcDSGigbxxvBaAV5oguMqZkRYNp/dk6SDROJAkvayEE/D6+E4sKk3xhcaqrJdx7EoXGMkJx2uJRJrh1IOvmaEYGIRWoB/Nb1ClvzG6JGCqVekzFUgcJWRVmDiFCwp6kPRYnkFdLfoGPabT+6dJwKBxPke3CKw14qNV9yxvnze0XUsGoF1H0B8AKuOgKLVvCQLdlqXnhssm/+4BvHaRx4tGPUKRFeRjwVHx8+ajofYz18CIL58ZkNxRlTss47iXwruu5r2sewRxEcs62PCcsmPK9zXfqC0qSsXfezmcSBwvMn6wtG4TNu+93lU3nb3J0WHQOqjUEqmv1e03eTLzOF+2gK9mNo8Pt6cluVTt+PGH3Xujq6WP/9wff3qevysoqujiPwfjkW6++4I/QMAAAAASUVORK5CYII=', NULL);
insert into images(name, data, commentid) values('allen.jpg', 'data:image/png;base64,iVBORw0KGgoAAAANSUhEUgAAADwAAAA8CAMAAAANIilAAAABy1BMVEVHcEzA2vrI4P7F3f2+2PvL4v/L4v+dvd+dvd++2PtDaYdAcJPG3v7F3f2+2PvL4v/L4v++2Pu+2Pu+2PvF3f3F3f3F3f1LgKlFeJ/L4v/L4v/F3f1FeJ9HeqDK4f5FeJ9KgKrL4v++2PvL4v/L4v++2Pu+2PtAcJNFeJ/L4v++2PtFeJ9KgKpAcJNKgKq+2Pu40/ZdjrZAcJNGeqFJf6i+3arL4v++2Pv/3c5KgKo2Xn3/zL9AcJPN5P80XHwqTGX1/P/J4f/E3f1Jf6nB2/zjgIbG3vw4YH/l9/9HfKQ6YoL/39BEdp3/18hKgKtBcpf539XifoWMq8haepSfu9nR4fk+bpEuUGnw0sjZ4PFpl70yV3M/ZYPk2+NRc46vxtXdYm2hv9+cttI7Z4mvzez/y76Ms9bd2+rctLPO2+hjhaPm8PZShrD9z8T/08WBor6Zss305OPikJf29/j95dxdZ37C2vf82sw4VWzXxL7U6fTu+f7kqbDi6/KccoPXfISWm6Rxg5WRipFijbBxkKnowcP17u/jnKXjh47e4O6Ok5240vJznsN4jKLgdX1KY4DJfIauZXa/tbS/paRvdoKJpsN8mLPu1NpHcExYd2d1AAAAmXRSTlMAI7wtuPntBgz5/rQVZFBPkZLi7HYxXbsu9rYuTyWtYKik9eLZrdjxkcGkdefc3qWzw+Pw2////////////////////////////////////////////////////////////////////////////////////////////////////////////////////////////////////wDU0yBqAAAEyklEQVRIx43X51fbSBAAcGETjE3vPkIghSRccrn+ZCRbQo6wLRtjYwymuUBohkAwvbeEll6u/bu3u2oraU2YL7yH/HszO1rtSBRFinJ7c62ts+x5r8fZ8Ki0rtleTt0wHE2NrQ9u0TD8fuA9Hmd9aWOT4wa0vKa9jMZD9p6Gh9XfS++osf1Am8P/HGqPs7T62uz2e1aKOEruuf/kdvG0VQ/oYhFE2lNfVSR5Ze0tungoyZ11lSRb0or/lsMD157SEoL9EadbU4VBJf5ZKWzhfSNog/W/SKZZXg52omdkccuQ22bSlXjN/sE0z2ox0dMzUjBVbli3oxaveQi3EPec+Q1d89ThPa/C+xxcxC3CE8l/3+N3zFmF7Q38/nIzLgsGkZTXrTStXtstjnuGmzQVYQl4ZIjDC/9FLbzGsCe5oRA06ZDS7omRHYRfcHjh96uV58hGW3D6ZPfbyWkym02evvsr/3pHx1rHywmJEeZPt/v6urdHQWz3e72zf+tY6xlK7Winrfhdtxb9s7Pe1xhWUz+Eq24qI+CT4lhteEMTwI20GbvSyV0jzm/u7GjYL2NPI2hXq/nhW9jdHe024NnZ83x+wfRwwpbZLQfAGOiVGYPs89oP1I1ip5otJ8BYd/f1WO13M1VL3xCP6U+dsug6ymbBXGbAipczw7Rl0VQn4bx6a8XztF+/ruBHVBkBD/eZMVa0jhso0ok5jNf9CuLRYfy60m4nRTxnMxhehjhDE7CHjLHU215LYh2TD/qxAbzq5XmaJpZdRh4QbxXd77VavWGdRcbLWJ9ivRar3ypbEYyW3b+8/Kp/YJg8tsAmqb0Oo7BibXs2kzvG4ZgjjlvwYNhJM5kLDhVWVbxaGApyhGaDR9J6GEC6mM4JG7LdEHLpRZzj56fpGOIgjfCuBWEd6Y11YcHFRyDnLMeQ4QDk6ODM3HiEZ/nsoYD0wLogHGbBPyLjczNBmjMdgNjR2wvkEhMG44ZPvhSAHui7AH9eJsHwioSZJeB7OcPRS9Uo/Q5OjS+JIsMwcRULF6uCiuPggigujU/14oe+Om56B2NQggCpUdnCxeUa1LBskBiFyHx4j48bed7455iYfD0GMWiYsHo1OZn4T4ANA1i5Gvat4IMOjVhuZknJy4SnwZAM5fb3LydBXO7v5+DYnJZTi/FUdArgJ9q7wW2wUeZUG4vDCcsPSlImATJnJGkQDfs4Sh31+VIraINgrxX+DxqOInwmSVL+06c8+HOGcDSGigbxxvBaAV5oguMqZkRYNp/dk6SDROJAkvayEE/D6+E4sKk3xhcaqrJdx7EoXGMkJx2uJRJrh1IOvmaEYGIRWoB/Nb1ClvzG6JGCqVekzFUgcJWRVmDiFCwp6kPRYnkFdLfoGPabT+6dJwKBxPke3CKw14qNV9yxvnze0XUsGoF1H0B8AKuOgKLVvCQLdlqXnhssm/+4BvHaRx4tGPUKRFeRjwVHx8+ajofYz18CIL58ZkNxRlTss47iXwruu5r2sewRxEcs62PCcsmPK9zXfqC0qSsXfezmcSBwvMn6wtG4TNu+93lU3nb3J0WHQOqjUEqmv1e03eTLzOF+2gK9mNo8Pt6cluVTt+PGH3Xujq6WP/9wff3qevysoqujiPwfjkW6++4I/QMAAAAASUVORK5CYII=', NULL);
insert into images(name, data, commentid) values('bob.jpg', 'data:image/png;base64,iVBORw0KGgoAAAANSUhEUgAAADwAAAA8CAMAAAANIilAAAABy1BMVEVHcEzA2vrI4P7F3f2+2PvL4v/L4v+dvd+dvd++2PtDaYdAcJPG3v7F3f2+2PvL4v/L4v++2Pu+2Pu+2PvF3f3F3f3F3f1LgKlFeJ/L4v/L4v/F3f1FeJ9HeqDK4f5FeJ9KgKrL4v++2PvL4v/L4v++2Pu+2PtAcJNFeJ/L4v++2PtFeJ9KgKpAcJNKgKq+2Pu40/ZdjrZAcJNGeqFJf6i+3arL4v++2Pv/3c5KgKo2Xn3/zL9AcJPN5P80XHwqTGX1/P/J4f/E3f1Jf6nB2/zjgIbG3vw4YH/l9/9HfKQ6YoL/39BEdp3/18hKgKtBcpf539XifoWMq8haepSfu9nR4fk+bpEuUGnw0sjZ4PFpl70yV3M/ZYPk2+NRc46vxtXdYm2hv9+cttI7Z4mvzez/y76Ms9bd2+rctLPO2+hjhaPm8PZShrD9z8T/08WBor6Zss305OPikJf29/j95dxdZ37C2vf82sw4VWzXxL7U6fTu+f7kqbDi6/KccoPXfISWm6Rxg5WRipFijbBxkKnowcP17u/jnKXjh47e4O6Ok5240vJznsN4jKLgdX1KY4DJfIauZXa/tbS/paRvdoKJpsN8mLPu1NpHcExYd2d1AAAAmXRSTlMAI7wtuPntBgz5/rQVZFBPkZLi7HYxXbsu9rYuTyWtYKik9eLZrdjxkcGkdefc3qWzw+Pw2////////////////////////////////////////////////////////////////////////////////////////////////////////////////////////////////////wDU0yBqAAAEyklEQVRIx43X51fbSBAAcGETjE3vPkIghSRccrn+ZCRbQo6wLRtjYwymuUBohkAwvbeEll6u/bu3u2oraU2YL7yH/HszO1rtSBRFinJ7c62ts+x5r8fZ8Ki0rtleTt0wHE2NrQ9u0TD8fuA9Hmd9aWOT4wa0vKa9jMZD9p6Gh9XfS++osf1Am8P/HGqPs7T62uz2e1aKOEruuf/kdvG0VQ/oYhFE2lNfVSR5Ze0tungoyZ11lSRb0or/lsMD157SEoL9EadbU4VBJf5ZKWzhfSNog/W/SKZZXg52omdkccuQ22bSlXjN/sE0z2ox0dMzUjBVbli3oxaveQi3EPec+Q1d89ThPa/C+xxcxC3CE8l/3+N3zFmF7Q38/nIzLgsGkZTXrTStXtstjnuGmzQVYQl4ZIjDC/9FLbzGsCe5oRA06ZDS7omRHYRfcHjh96uV58hGW3D6ZPfbyWkym02evvsr/3pHx1rHywmJEeZPt/v6urdHQWz3e72zf+tY6xlK7Winrfhdtxb9s7Pe1xhWUz+Eq24qI+CT4lhteEMTwI20GbvSyV0jzm/u7GjYL2NPI2hXq/nhW9jdHe024NnZ83x+wfRwwpbZLQfAGOiVGYPs89oP1I1ip5otJ8BYd/f1WO13M1VL3xCP6U+dsug6ymbBXGbAipczw7Rl0VQn4bx6a8XztF+/ruBHVBkBD/eZMVa0jhso0ok5jNf9CuLRYfy60m4nRTxnMxhehjhDE7CHjLHU215LYh2TD/qxAbzq5XmaJpZdRh4QbxXd77VavWGdRcbLWJ9ivRar3ypbEYyW3b+8/Kp/YJg8tsAmqb0Oo7BibXs2kzvG4ZgjjlvwYNhJM5kLDhVWVbxaGApyhGaDR9J6GEC6mM4JG7LdEHLpRZzj56fpGOIgjfCuBWEd6Y11YcHFRyDnLMeQ4QDk6ODM3HiEZ/nsoYD0wLogHGbBPyLjczNBmjMdgNjR2wvkEhMG44ZPvhSAHui7AH9eJsHwioSZJeB7OcPRS9Uo/Q5OjS+JIsMwcRULF6uCiuPggigujU/14oe+Om56B2NQggCpUdnCxeUa1LBskBiFyHx4j48bed7455iYfD0GMWiYsHo1OZn4T4ANA1i5Gvat4IMOjVhuZknJy4SnwZAM5fb3LydBXO7v5+DYnJZTi/FUdArgJ9q7wW2wUeZUG4vDCcsPSlImATJnJGkQDfs4Sh31+VIraINgrxX+DxqOInwmSVL+06c8+HOGcDSGigbxxvBaAV5oguMqZkRYNp/dk6SDROJAkvayEE/D6+E4sKk3xhcaqrJdx7EoXGMkJx2uJRJrh1IOvmaEYGIRWoB/Nb1ClvzG6JGCqVekzFUgcJWRVmDiFCwp6kPRYnkFdLfoGPabT+6dJwKBxPke3CKw14qNV9yxvnze0XUsGoF1H0B8AKuOgKLVvCQLdlqXnhssm/+4BvHaRx4tGPUKRFeRjwVHx8+ajofYz18CIL58ZkNxRlTss47iXwruu5r2sewRxEcs62PCcsmPK9zXfqC0qSsXfezmcSBwvMn6wtG4TNu+93lU3nb3J0WHQOqjUEqmv1e03eTLzOF+2gK9mNo8Pt6cluVTt+PGH3Xujq6WP/9wff3qevysoqujiPwfjkW6++4I/QMAAAAASUVORK5CYII=', NULL);
insert into images(name, data, commentid) values('alice.jpg', 'data:image/png;base64,iVBORw0KGgoAAAANSUhEUgAAADwAAAA8CAMAAAANIilAAAABy1BMVEVHcEzA2vrI4P7F3f2+2PvL4v/L4v+dvd+dvd++2PtDaYdAcJPG3v7F3f2+2PvL4v/L4v++2Pu+2Pu+2PvF3f3F3f3F3f1LgKlFeJ/L4v/L4v/F3f1FeJ9HeqDK4f5FeJ9KgKrL4v++2PvL4v/L4v++2Pu+2PtAcJNFeJ/L4v++2PtFeJ9KgKpAcJNKgKq+2Pu40/ZdjrZAcJNGeqFJf6i+3arL4v++2Pv/3c5KgKo2Xn3/zL9AcJPN5P80XHwqTGX1/P/J4f/E3f1Jf6nB2/zjgIbG3vw4YH/l9/9HfKQ6YoL/39BEdp3/18hKgKtBcpf539XifoWMq8haepSfu9nR4fk+bpEuUGnw0sjZ4PFpl70yV3M/ZYPk2+NRc46vxtXdYm2hv9+cttI7Z4mvzez/y76Ms9bd2+rctLPO2+hjhaPm8PZShrD9z8T/08WBor6Zss305OPikJf29/j95dxdZ37C2vf82sw4VWzXxL7U6fTu+f7kqbDi6/KccoPXfISWm6Rxg5WRipFijbBxkKnowcP17u/jnKXjh47e4O6Ok5240vJznsN4jKLgdX1KY4DJfIauZXa/tbS/paRvdoKJpsN8mLPu1NpHcExYd2d1AAAAmXRSTlMAI7wtuPntBgz5/rQVZFBPkZLi7HYxXbsu9rYuTyWtYKik9eLZrdjxkcGkdefc3qWzw+Pw2////////////////////////////////////////////////////////////////////////////////////////////////////////////////////////////////////wDU0yBqAAAEyklEQVRIx43X51fbSBAAcGETjE3vPkIghSRccrn+ZCRbQo6wLRtjYwymuUBohkAwvbeEll6u/bu3u2oraU2YL7yH/HszO1rtSBRFinJ7c62ts+x5r8fZ8Ki0rtleTt0wHE2NrQ9u0TD8fuA9Hmd9aWOT4wa0vKa9jMZD9p6Gh9XfS++osf1Am8P/HGqPs7T62uz2e1aKOEruuf/kdvG0VQ/oYhFE2lNfVSR5Ze0tungoyZ11lSRb0or/lsMD157SEoL9EadbU4VBJf5ZKWzhfSNog/W/SKZZXg52omdkccuQ22bSlXjN/sE0z2ox0dMzUjBVbli3oxaveQi3EPec+Q1d89ThPa/C+xxcxC3CE8l/3+N3zFmF7Q38/nIzLgsGkZTXrTStXtstjnuGmzQVYQl4ZIjDC/9FLbzGsCe5oRA06ZDS7omRHYRfcHjh96uV58hGW3D6ZPfbyWkym02evvsr/3pHx1rHywmJEeZPt/v6urdHQWz3e72zf+tY6xlK7Winrfhdtxb9s7Pe1xhWUz+Eq24qI+CT4lhteEMTwI20GbvSyV0jzm/u7GjYL2NPI2hXq/nhW9jdHe024NnZ83x+wfRwwpbZLQfAGOiVGYPs89oP1I1ip5otJ8BYd/f1WO13M1VL3xCP6U+dsug6ymbBXGbAipczw7Rl0VQn4bx6a8XztF+/ruBHVBkBD/eZMVa0jhso0ok5jNf9CuLRYfy60m4nRTxnMxhehjhDE7CHjLHU215LYh2TD/qxAbzq5XmaJpZdRh4QbxXd77VavWGdRcbLWJ9ivRar3ypbEYyW3b+8/Kp/YJg8tsAmqb0Oo7BibXs2kzvG4ZgjjlvwYNhJM5kLDhVWVbxaGApyhGaDR9J6GEC6mM4JG7LdEHLpRZzj56fpGOIgjfCuBWEd6Y11YcHFRyDnLMeQ4QDk6ODM3HiEZ/nsoYD0wLogHGbBPyLjczNBmjMdgNjR2wvkEhMG44ZPvhSAHui7AH9eJsHwioSZJeB7OcPRS9Uo/Q5OjS+JIsMwcRULF6uCiuPggigujU/14oe+Om56B2NQggCpUdnCxeUa1LBskBiFyHx4j48bed7455iYfD0GMWiYsHo1OZn4T4ANA1i5Gvat4IMOjVhuZknJy4SnwZAM5fb3LydBXO7v5+DYnJZTi/FUdArgJ9q7wW2wUeZUG4vDCcsPSlImATJnJGkQDfs4Sh31+VIraINgrxX+DxqOInwmSVL+06c8+HOGcDSGigbxxvBaAV5oguMqZkRYNp/dk6SDROJAkvayEE/D6+E4sKk3xhcaqrJdx7EoXGMkJx2uJRJrh1IOvmaEYGIRWoB/Nb1ClvzG6JGCqVekzFUgcJWRVmDiFCwp6kPRYnkFdLfoGPabT+6dJwKBxPke3CKw14qNV9yxvnze0XUsGoF1H0B8AKuOgKLVvCQLdlqXnhssm/+4BvHaRx4tGPUKRFeRjwVHx8+ajofYz18CIL58ZkNxRlTss47iXwruu5r2sewRxEcs62PCcsmPK9zXfqC0qSsXfezmcSBwvMn6wtG4TNu+93lU3nb3J0WHQOqjUEqmv1e03eTLzOF+2gK9mNo8Pt6cluVTt+PGH3Xujq6WP/9wff3qevysoqujiPwfjkW6++4I/QMAAAAASUVORK5CYII=', NULL);
insert into images(name, data, commentid) values('cute_cat.jpg', 'data:image/png;base64,iVBORw0KGgoAAAANSUhEUgAAADwAAAA8CAMAAAANIilAAAABy1BMVEVHcEzA2vrI4P7F3f2+2PvL4v/L4v+dvd+dvd++2PtDaYdAcJPG3v7F3f2+2PvL4v/L4v++2Pu+2Pu+2PvF3f3F3f3F3f1LgKlFeJ/L4v/L4v/F3f1FeJ9HeqDK4f5FeJ9KgKrL4v++2PvL4v/L4v++2Pu+2PtAcJNFeJ/L4v++2PtFeJ9KgKpAcJNKgKq+2Pu40/ZdjrZAcJNGeqFJf6i+3arL4v++2Pv/3c5KgKo2Xn3/zL9AcJPN5P80XHwqTGX1/P/J4f/E3f1Jf6nB2/zjgIbG3vw4YH/l9/9HfKQ6YoL/39BEdp3/18hKgKtBcpf539XifoWMq8haepSfu9nR4fk+bpEuUGnw0sjZ4PFpl70yV3M/ZYPk2+NRc46vxtXdYm2hv9+cttI7Z4mvzez/y76Ms9bd2+rctLPO2+hjhaPm8PZShrD9z8T/08WBor6Zss305OPikJf29/j95dxdZ37C2vf82sw4VWzXxL7U6fTu+f7kqbDi6/KccoPXfISWm6Rxg5WRipFijbBxkKnowcP17u/jnKXjh47e4O6Ok5240vJznsN4jKLgdX1KY4DJfIauZXa/tbS/paRvdoKJpsN8mLPu1NpHcExYd2d1AAAAmXRSTlMAI7wtuPntBgz5/rQVZFBPkZLi7HYxXbsu9rYuTyWtYKik9eLZrdjxkcGkdefc3qWzw+Pw2////////////////////////////////////////////////////////////////////////////////////////////////////////////////////////////////////wDU0yBqAAAEyklEQVRIx43X51fbSBAAcGETjE3vPkIghSRccrn+ZCRbQo6wLRtjYwymuUBohkAwvbeEll6u/bu3u2oraU2YL7yH/HszO1rtSBRFinJ7c62ts+x5r8fZ8Ki0rtleTt0wHE2NrQ9u0TD8fuA9Hmd9aWOT4wa0vKa9jMZD9p6Gh9XfS++osf1Am8P/HGqPs7T62uz2e1aKOEruuf/kdvG0VQ/oYhFE2lNfVSR5Ze0tungoyZ11lSRb0or/lsMD157SEoL9EadbU4VBJf5ZKWzhfSNog/W/SKZZXg52omdkccuQ22bSlXjN/sE0z2ox0dMzUjBVbli3oxaveQi3EPec+Q1d89ThPa/C+xxcxC3CE8l/3+N3zFmF7Q38/nIzLgsGkZTXrTStXtstjnuGmzQVYQl4ZIjDC/9FLbzGsCe5oRA06ZDS7omRHYRfcHjh96uV58hGW3D6ZPfbyWkym02evvsr/3pHx1rHywmJEeZPt/v6urdHQWz3e72zf+tY6xlK7Winrfhdtxb9s7Pe1xhWUz+Eq24qI+CT4lhteEMTwI20GbvSyV0jzm/u7GjYL2NPI2hXq/nhW9jdHe024NnZ83x+wfRwwpbZLQfAGOiVGYPs89oP1I1ip5otJ8BYd/f1WO13M1VL3xCP6U+dsug6ymbBXGbAipczw7Rl0VQn4bx6a8XztF+/ruBHVBkBD/eZMVa0jhso0ok5jNf9CuLRYfy60m4nRTxnMxhehjhDE7CHjLHU215LYh2TD/qxAbzq5XmaJpZdRh4QbxXd77VavWGdRcbLWJ9ivRar3ypbEYyW3b+8/Kp/YJg8tsAmqb0Oo7BibXs2kzvG4ZgjjlvwYNhJM5kLDhVWVbxaGApyhGaDR9J6GEC6mM4JG7LdEHLpRZzj56fpGOIgjfCuBWEd6Y11YcHFRyDnLMeQ4QDk6ODM3HiEZ/nsoYD0wLogHGbBPyLjczNBmjMdgNjR2wvkEhMG44ZPvhSAHui7AH9eJsHwioSZJeB7OcPRS9Uo/Q5OjS+JIsMwcRULF6uCiuPggigujU/14oe+Om56B2NQggCpUdnCxeUa1LBskBiFyHx4j48bed7455iYfD0GMWiYsHo1OZn4T4ANA1i5Gvat4IMOjVhuZknJy4SnwZAM5fb3LydBXO7v5+DYnJZTi/FUdArgJ9q7wW2wUeZUG4vDCcsPSlImATJnJGkQDfs4Sh31+VIraINgrxX+DxqOInwmSVL+06c8+HOGcDSGigbxxvBaAV5oguMqZkRYNp/dk6SDROJAkvayEE/D6+E4sKk3xhcaqrJdx7EoXGMkJx2uJRJrh1IOvmaEYGIRWoB/Nb1ClvzG6JGCqVekzFUgcJWRVmDiFCwp6kPRYnkFdLfoGPabT+6dJwKBxPke3CKw14qNV9yxvnze0XUsGoF1H0B8AKuOgKLVvCQLdlqXnhssm/+4BvHaRx4tGPUKRFeRjwVHx8+ajofYz18CIL58ZkNxRlTss47iXwruu5r2sewRxEcs62PCcsmPK9zXfqC0qSsXfezmcSBwvMn6wtG4TNu+93lU3nb3J0WHQOqjUEqmv1e03eTLzOF+2gK9mNo8Pt6cluVTt+PGH3Xujq6WP/9wff3qevysoqujiPwfjkW6++4I/QMAAAAASUVORK5CYII=', 1);